,LAVATORY_PRODUCT_ID,,,,,,,,,,,,,,,,,,,,,,,,,,,,,,,,,,,,,,,,,,,,,,,,,,,,,,,,,,,,,,,,,,,,,,,,,,,,,,,,,,,,,,,,,,,,,,,
FAUCET_PRODUCT_ID,LW596,LW1514,LW1515,LW1516,LW2506B,LW2516B,LT520V,LT542,LW540,LW1536,LW1535,LW1504,L530,L537,LW546,LW548,LT569,LW1506JUB,LW1505JUB#XW,LW709,LW710,LW710CSR,LW711,LW1615,LW1616,LW1617,LW1619,LW5615B,LW5616B,LW1735B,LW4715,LW4716,LW1714,LW1715,LW1716,LW1717,LW5715B,LW5716B,LW1704,LW523,LW366,LW4724,LW4706,LW4704,LW1705B,L1706,L700,L367,LT480,LW501,L762,LW717,LW713,LW647,LW641,LT533R,L983B,LW1215,LW1216,LT532,LT530,LW136,LT307,L239,LW947,LT300,LPT236CV,L238CGUT1,LW240CJ,LPT241G,PJS03,PJS06,PJS02,PJS07,PJS01,PJS05,LW588RB,LW765B,LW586R,LW582,LW387B,LW716B,LW760LB,LW681B,PJS04W,LW3716HB,LW3717HB,LW172Y,LW170Y,LW682B,LT573,LT574,LW1315,LW1316,LW630,LW896
TLG09305,,,,,,,,,,,,,,,,,,,,,,,,,,,,,,〇,,,,,,,,,,〇,〇,,,〇,〇,〇,,,,,,,,,,,,,,,,,,,,,,,,,〇,〇,〇,〇,〇,〇,,,,,〇,〇,〇,,〇,,,,,,,,,,〇,〇
TLG09303,,,,,,,,,,,,,,,,,,,,,,,,,,,,,,,〇,〇,〇,〇,〇,〇,〇,〇,〇,,,,,,,,,,〇,,〇,,,,,〇,,,,,,,,,,,,,,,,,,,,,,,,,,,,,,〇,〇,,,,,,,,,
TLG09301,〇,〇,〇,〇,〇,〇,〇,〇,〇,〇,〇,〇,〇,〇,〇,〇,〇,〇,〇,〇,〇,〇,〇,〇,〇,〇,〇,〇,〇,,,,,,,,,,,,,,,,,,〇,〇,,〇,〇,〇,〇,,〇,,〇,〇,〇,〇,〇,〇,,〇,〇,,〇,〇,,〇,,,,,,,〇,〇,〇,〇,,,,,,,,,,,,,〇,〇,,
TLG09201,〇,〇,〇,〇,〇,〇,〇,〇,〇,〇,〇,〇,〇,〇,〇,〇,〇,〇,〇,〇,〇,,〇,〇,〇,〇,〇,〇,〇,,,,,,,,,,,,,,,,,,,,,〇,,〇,〇,,,,〇,,〇,〇,〇,,,,,,,,,〇,,,,,,,〇,〇,〇,〇,,,,,,,,,,,,,〇,〇,,
TLG09308,,〇,〇,〇,〇,〇,〇,〇,〇,〇,〇,〇,〇,〇,〇,〇,〇,〇,〇,,,,,,,,,,,〇,〇,〇,〇,〇,〇,〇,〇,〇,〇,〇,〇,,〇,〇,〇,〇,,,〇,,〇,,,,,〇,,,,,,,,,,,,,,,〇,〇,〇,〇,〇,〇,〇,〇,,,〇,〇,〇,〇,〇,〇,〇,,,〇,〇,〇,,,,
TLG09307,,〇,〇,〇,〇,〇,〇,〇,〇,〇,〇,〇,〇,〇,〇,〇,〇,〇,〇,,,,,,,,,,,〇,〇,〇,〇,〇,〇,〇,〇,〇,〇,〇,〇,,〇,〇,〇,〇,,,〇,,〇,,,,,〇,,,,,,,,,,,,,,,〇,〇,〇,〇,〇,〇,〇,〇,,,〇,〇,〇,〇,〇,〇,〇,,,〇,〇,〇,,,,
TLG09306,,,,,,,,,,,,,,,,,,,,,,,,,,,,,,〇,,,,,,,,,,〇,〇,,,〇,〇,〇,,,,,,,,,,,,,,,,,,,,,,,,,〇,〇,〇,〇,〇,〇,,,,,〇,〇,〇,〇,〇,,,,,,〇,〇,,,,
TLG09304,,,,,,,,,,,,,,,,,,,,,,,,,,,,,,,〇,〇,〇,〇,〇,〇,〇,〇,〇,,,〇,〇,,,,,,〇,,〇,,,,,〇,,,,,,,,,,,,,,,,,,,,,,,,,,,,,,〇,〇,,,〇,,,,,,
TLG09302,〇,〇,〇,〇,〇,〇,〇,〇,〇,〇,〇,〇,〇,〇,〇,〇,〇,〇,〇,〇,〇,〇,〇,〇,〇,〇,〇,〇,〇,,,,,,,,,,,,,,,,,,〇,〇,,〇,〇,〇,〇,,〇,,〇,〇,〇,〇,〇,〇,,〇,〇,,〇,〇,,〇,,,,,,,〇,〇,〇,〇,,,,,,,,〇,〇,,,,〇,〇,,
TLG08305,,,,,,,,,,,,,,,,,,,,,,,,,,,,,,〇,,,,,,,,,,〇,〇,,,〇,〇,〇,,,,,,,,,,,,,,,,,,,,,,,,,〇,〇,〇,〇,〇,〇,,,,,〇,〇,〇,,〇,,,,,,,,,,〇,〇
TLG08303,,,,,,,,,,,,,,,,,,,,,,,,,,,,,,,〇,〇,〇,〇,〇,〇,〇,〇,〇,,,,,,,,,,〇,,〇,,,,,〇,,,,,,,,,,,,,,,,,,,,,,,,,,,,,,〇,〇,,,,,,,,,
TLG08301,〇,〇,〇,〇,〇,〇,〇,〇,〇,〇,〇,〇,〇,〇,〇,〇,〇,〇,〇,〇,〇,〇,〇,〇,〇,〇,〇,〇,〇,,,,,,,,,,,,,,,,,,〇,〇,,〇,〇,〇,〇,〇,〇,,〇,〇,〇,〇,〇,〇,,〇,〇,,〇,〇,,〇,,,,,,,〇,〇,〇,〇,,,,,,,,,,,,,〇,〇,,
TLG08201,〇,〇,〇,〇,〇,〇,〇,〇,〇,〇,〇,〇,〇,〇,〇,〇,〇,〇,〇,〇,〇,,〇,〇,〇,〇,〇,〇,〇,,,,,,,,,,,,,,,,,,,,,,,〇,〇,,,,〇,,〇,〇,〇,,,,,,,,,〇,,,,,,,〇,〇,〇,〇,,,,,,,,,,,,,〇,〇,,
TLG08308,〇,〇,〇,〇,〇,〇,〇,〇,〇,〇,〇,〇,〇,〇,〇,〇,〇,〇,〇,,,,,,,,,,,〇,〇,〇,〇,〇,〇,〇,〇,〇,〇,〇,〇,,〇,〇,〇,〇,,,〇,,〇,,,,,〇,,,,,,,,,,,,,,,〇,〇,〇,〇,〇,〇,〇,〇,,,〇,〇,〇,〇,〇,〇,〇,,,〇,〇,〇,,,,
TLG08307,〇,〇,〇,〇,〇,〇,〇,〇,〇,〇,〇,〇,〇,〇,〇,〇,〇,〇,〇,,,,,,,,,,,〇,〇,〇,〇,〇,〇,〇,〇,〇,〇,〇,〇,,〇,〇,〇,〇,,,〇,,〇,,,,,〇,,,,,,,,,,,,,,,〇,〇,〇,〇,〇,〇,〇,〇,,,〇,〇,〇,〇,〇,〇,〇,,,〇,〇,〇,,,,
TLG08306,,,,,,,,,,,,,,,,,,,,,,,,,,,,,,〇,,,,,,,,,,〇,〇,,,〇,〇,〇,,,,,,,,,,,,,,,,,,,,,,,,,〇,〇,〇,〇,〇,〇,,,,,〇,〇,〇,〇,〇,,,,,,〇,〇,,,,
TLG08304,,,,,,,,,,,,,,,,,,,,,,,,,,,,,,,〇,〇,〇,〇,〇,〇,〇,〇,〇,,,〇,〇,,,,,,〇,,〇,,,,,〇,,,,,,,,,,,,,,,,,,,,,,,,,,,,,,〇,〇,,,〇,,,,,,
TLG08302,〇,〇,〇,〇,〇,〇,〇,〇,〇,〇,〇,〇,〇,〇,〇,〇,〇,〇,〇,〇,〇,〇,〇,〇,〇,〇,〇,〇,〇,,,,,,,,,,,,,,,,,,〇,〇,,〇,〇,〇,〇,〇,〇,,〇,〇,〇,〇,〇,〇,,〇,〇,,〇,〇,,〇,,,,,,,〇,〇,〇,〇,,,,,,,,〇,〇,,,,〇,〇,,
TLG07305,,,,,,,,,,,,,,,,,,,,,,,,,,,,,,〇,,,,,,,,,,〇,〇,,,〇,〇,〇,,,,,,,,,,,,,,,,,,,,,,,,,〇,〇,〇,〇,〇,〇,,,,,〇,〇,〇,,〇,,,,,,,,,,〇,〇
TLG07303,,,,,,,,,,,,,,,,,,,,,,,,,,,,,,,〇,〇,〇,〇,〇,〇,〇,〇,〇,,,,,,,,,,〇,,〇,,,,,〇,,,,,,,,,,,,,,,,,,,,,,,,,,,,,,〇,〇,,,,,,,,,
TLG07301,〇,〇,〇,〇,〇,〇,〇,〇,〇,〇,〇,〇,〇,〇,〇,〇,〇,〇,〇,〇,〇,〇,〇,〇,〇,〇,〇,〇,〇,,,,,,,,,,,,,,,,,,〇,〇,,〇,〇,〇,〇,,〇,,〇,〇,〇,〇,〇,〇,,〇,〇,〇,〇,〇,,〇,,,,,,,〇,〇,〇,〇,,,,,,,,,,,,,〇,〇,,
TLG07201,〇,〇,〇,〇,〇,〇,〇,〇,〇,〇,〇,〇,〇,〇,〇,〇,〇,〇,〇,〇,〇,,〇,〇,〇,〇,〇,〇,〇,,,,,,,,,,,,,,,,,,,,,,,〇,〇,,,,〇,,〇,〇,〇,,,,,,,,,,,,,,,,〇,〇,〇,〇,,,,,,,,,,,,,〇,〇,,
TLG07308,,〇,〇,〇,〇,〇,〇,,〇,〇,〇,〇,〇,〇,〇,〇,〇,〇,〇,,,,,,,,,,,〇,〇,〇,〇,〇,〇,〇,〇,〇,〇,〇,〇,,〇,〇,〇,〇,,,〇,,〇,,,,,〇,,,,,,,,,,,,,,,〇,〇,〇,〇,〇,〇,〇,〇,,,〇,〇,〇,〇,〇,〇,〇,,,〇,〇,〇,,,,
TLG07307,,〇,〇,〇,〇,〇,〇,,〇,〇,〇,〇,〇,〇,〇,〇,〇,〇,〇,,,,,,,,,,,〇,〇,〇,〇,〇,〇,〇,〇,〇,〇,〇,〇,,〇,〇,〇,〇,,,〇,,〇,,,,,〇,,,,,,,,,,,,,,,〇,〇,〇,〇,〇,〇,〇,〇,,,〇,〇,〇,〇,〇,〇,〇,,,〇,〇,〇,,,,
TLG07306,,,,,,,,,,,,,,,,,,,,,,,,,,,,,,〇,,,,,,,,,,〇,〇,,,〇,〇,〇,,,,,,,,,,,,,,,,,,,,,,,,,〇,〇,〇,〇,〇,〇,,,,,〇,〇,〇,〇,〇,,,,,,〇,〇,,,,
TLG07304,,,,,,,,,,,,,,,,,,,,,,,,,,,,,,,〇,〇,〇,〇,〇,〇,〇,〇,〇,,,〇,〇,,,,,,〇,,〇,,,,,〇,,,,,,,,,,,,,,,,,,,,,,,,,,,,,,〇,〇,,,〇,,,,,,
TLG07302,〇,〇,〇,〇,〇,〇,〇,〇,〇,〇,〇,〇,〇,〇,〇,〇,〇,〇,〇,〇,〇,〇,〇,〇,〇,〇,〇,〇,〇,,,,,,,,,,,,,,,,,,〇,〇,,〇,〇,〇,〇,,〇,,〇,〇,〇,〇,〇,〇,,〇,〇,〇,〇,〇,,〇,,,,,,,〇,〇,〇,〇,,,,,,,,〇,〇,,,,〇,〇,,
TLG11305,,,,,,,,,,,,,,,,,,,,,,,,,,,,,,〇,,,,,,,,,,〇,〇,,,〇,〇,〇,,,,,,,,,,,,,,,,,,,,,,,,,〇,〇,〇,〇,〇,〇,,,,,〇,〇,〇,,〇,,,,,,,,,,〇,〇
TLG11303,,,,,,,,,,,,,,,,,,,,,,,,,,,,,,,〇,〇,〇,〇,〇,〇,〇,〇,〇,,,,,,,,,,〇,,〇,,,,,〇,,,,,,,,,,,,,,,,,,,,,,,,,,,,,,〇,〇,,,,,,,,,
TLG11301,〇,〇,〇,〇,〇,〇,〇,〇,〇,〇,〇,〇,〇,〇,〇,〇,〇,〇,〇,〇,〇,〇,〇,〇,〇,〇,〇,〇,〇,,,,,,,,,,,,,,,,,,〇,〇,,〇,〇,〇,〇,〇,〇,,〇,〇,〇,〇,〇,〇,,〇,〇,〇,〇,〇,,〇,,,,,,,〇,〇,〇,〇,,,,,,,,,,,,,〇,〇,,
TLG11201,〇,〇,〇,〇,〇,〇,〇,〇,〇,〇,〇,〇,〇,〇,〇,〇,〇,〇,〇,〇,〇,,〇,〇,〇,〇,〇,〇,〇,,,,,,,,,,,,,,,,,,,,,〇,,〇,〇,,,,〇,,〇,〇,〇,,,,,,,,,〇,,,,,,,〇,〇,〇,〇,,,,,,,,,,,,,〇,〇,,
TLG11308,〇,〇,〇,〇,〇,〇,〇,〇,〇,〇,〇,〇,〇,〇,〇,〇,〇,〇,〇,,,,,,,,,,,〇,〇,〇,〇,〇,〇,〇,〇,〇,〇,〇,〇,,〇,〇,〇,〇,,,〇,,〇,,,,,〇,,,,,,,,,,,,,,,〇,〇,〇,〇,〇,〇,〇,〇,,,〇,〇,〇,〇,〇,〇,〇,,,〇,〇,〇,,,,
TLG11307,〇,〇,〇,〇,〇,〇,〇,〇,〇,〇,〇,〇,〇,〇,〇,〇,〇,〇,〇,,,,,,,,,,,〇,〇,〇,〇,〇,〇,〇,〇,〇,〇,〇,〇,,〇,〇,〇,〇,,,〇,,〇,,,,,〇,,,,,,,,,,,,,,,〇,〇,〇,〇,〇,〇,〇,〇,,,〇,〇,〇,〇,〇,〇,〇,,,〇,〇,〇,,,,
TLG11306,,,,,,,,,,,,,,,,,,,,,,,,,,,,,,〇,,,,,,,,,,〇,〇,,,〇,〇,〇,,,,,,,,,,,,,,,,,,,,,,,,,〇,〇,〇,〇,〇,〇,,,,,〇,〇,〇,〇,〇,,,,,,〇,〇,,,,
TLG11304,,,,,,,,,,,,,,,,,,,,,,,,,,,,,,,〇,〇,〇,〇,〇,〇,〇,〇,〇,,,〇,〇,,,,,,〇,,〇,,,,,〇,,,,,,,,,,,,,,,,,,,,,,,,,,,,,,〇,〇,,,〇,,,,,,
TLG11302,〇,〇,〇,〇,〇,〇,〇,〇,〇,〇,〇,〇,〇,〇,〇,〇,〇,〇,〇,〇,〇,〇,〇,〇,〇,〇,〇,〇,〇,,,,,,,,,,,,,,,,,,〇,〇,,〇,〇,〇,〇,〇,〇,,〇,〇,〇,〇,〇,〇,,〇,〇,〇,〇,〇,,〇,,,,,,,〇,〇,〇,〇,,,,,,,,〇,〇,,,,〇,〇,,
TLG10305,,,,,,,,,,,,,,,,,,,,,,,,,,,,,,〇,,,,,,,,,,〇,〇,,,〇,〇,〇,,,,,,,,,,,,,,,,,,,,,,,,,〇,〇,〇,〇,〇,〇,,,,,〇,〇,〇,,〇,,,,,,,,,,〇,〇
TLG10303,,,,,,,,,,,,,,,,,,,,,,,,,,,,,,,〇,〇,〇,〇,〇,〇,〇,〇,〇,,,,,,,,,,〇,,〇,,,,,〇,,,,,,,,,,,,,,,,,,,,,,,,,,,,,,〇,〇,,,,,,,,,
TLG10301,〇,〇,〇,〇,〇,〇,〇,〇,〇,〇,〇,〇,〇,〇,〇,〇,〇,〇,〇,〇,〇,〇,〇,〇,〇,〇,〇,〇,〇,,,,,,,,,,,,,,,,,,〇,〇,,〇,〇,〇,〇,,〇,,〇,〇,〇,〇,〇,〇,,〇,〇,〇,〇,〇,,〇,,,,,,,〇,〇,〇,〇,,,,,,,,,,,,,〇,〇,,
TLG10201,〇,〇,〇,〇,〇,〇,〇,〇,〇,〇,〇,〇,〇,〇,〇,〇,〇,〇,〇,〇,〇,,〇,〇,〇,〇,〇,〇,〇,,,,,,,,,,,,,,,,,,,,,〇,,〇,〇,,,,〇,,〇,〇,〇,,,,,,,,,〇,,,,,,,〇,〇,〇,〇,,,,,,,,,,,,,〇,〇,,
TLG10308,,〇,〇,〇,〇,〇,〇,〇,〇,〇,〇,〇,〇,〇,〇,〇,〇,〇,〇,,,,,,,,,,,〇,〇,〇,〇,〇,〇,〇,〇,〇,〇,〇,〇,,〇,〇,〇,〇,,,〇,,〇,,,,,〇,,,,,,,,,,,,,,,〇,〇,〇,〇,〇,〇,〇,〇,,,〇,〇,〇,〇,〇,〇,〇,,,〇,〇,〇,,,,
TLG10307,,〇,〇,〇,〇,〇,〇,〇,〇,〇,〇,〇,〇,〇,〇,〇,〇,〇,〇,,,,,,,,,,,〇,〇,〇,〇,〇,〇,〇,〇,〇,〇,〇,〇,,〇,〇,〇,〇,,,〇,,〇,,,,,〇,,,,,,,,,,,,,,,〇,〇,〇,〇,〇,〇,〇,〇,,,〇,〇,〇,〇,〇,〇,〇,,,〇,〇,〇,,,,
TLG10306,,,,,,,,,,,,,,,,,,,,,,,,,,,,,,〇,,,,,,,,,,〇,〇,,,〇,〇,〇,,,,,,,,,,,,,,,,,,,,,,,,,〇,〇,〇,〇,〇,〇,,,,,〇,〇,〇,〇,〇,,,,,,〇,〇,,,,
TLG10304,,,,,,,,,,,,,,,,,,,,,,,,,,,,,,,〇,〇,〇,〇,〇,〇,〇,〇,〇,,,〇,〇,,,,,,〇,,〇,,,,,〇,,,,,,,,,,,,,,,,,,,,,,,,,,,,,,〇,〇,,,〇,,,,,,
TLG10302,〇,〇,〇,〇,〇,〇,〇,〇,〇,〇,〇,〇,〇,〇,〇,〇,〇,〇,〇,〇,〇,〇,〇,〇,〇,〇,〇,〇,〇,,,,,,,,,,,,,,,,,,〇,〇,,〇,〇,〇,〇,,〇,,〇,〇,〇,〇,〇,〇,,〇,〇,〇,〇,〇,,〇,,,,,,,〇,〇,〇,〇,,,,,,,,〇,〇,,,,〇,〇,,
TLP03301,,,,,,,,,,,,,,,,,,,,,,,,,,,,,,〇,,,,,,,,,,〇,〇,,,〇,〇,〇,,,,,,,,,,,,,,,,,,,,,,,,,〇,〇,〇,〇,〇,〇,,,,,〇,〇,〇,,〇,,,,,,,,,,,
TLP03302,,,,,,,,,,,,,,,,,,,,,,,,,,,,,,〇,,,,,,,,,,〇,〇,,,〇,〇,〇,,,,,,,,,,,,,,,,,,,,,,,,,〇,〇,〇,〇,〇,〇,,,,,〇,〇,〇,〇,〇,,,,,,〇,〇,,,,
TLP01701,,,,,,,,,,,,,,,,,,,,,,,,,,,,,,,〇,〇,〇,〇,〇,〇,〇,〇,〇,,,,〇,,,,,,,,,,,,,,,,,,,,,,,,,,,,,,,,,,,,,,,,,,,〇,〇,,,〇,,,,,,
TLP02307,,,,,,,,,,,,,,,,,,,,,,,,,,,,,,〇,,,,,,,,,,〇,,,,〇,〇,〇,,,,,,,,,,,,,,,,,,,,,,,,,〇,〇,〇,〇,〇,〇,,,,,〇,〇,〇,,〇,,,,,,,,,,〇,〇
TLP02304,,,,,,,,,,,,,,,,,,,,,,,,,,,,,,,〇,〇,〇,〇,〇,〇,〇,〇,〇,,,,,,,,,,〇,,,,,,,〇,,,,,,,,,,,,,,,,,,,,,,,,,,,,,,〇,,,,,,,,,,
TLP02301,〇,〇,〇,〇,〇,〇,〇,〇,〇,〇,〇,〇,〇,〇,〇,,〇,〇,〇,,,,,,,,,,,,,,,,,,,,,,,,,,,,,,〇,,〇,,,,,,〇,,,,,,,,,,,,,,,,,,,,〇,〇,,,,,,,,,,,,,,,,,,
TLP02201,〇,〇,〇,〇,〇,〇,〇,〇,〇,〇,〇,〇,〇,〇,〇,〇,〇,〇,〇,〇,〇,,〇,〇,〇,〇,〇,〇,〇,,,,,,,,,,,,,,,,,,,,,,,〇,〇,,,,〇,,〇,〇,〇,,〇,,,,,,,〇,,,,,,,〇,〇,〇,〇,,,,,,,,,,,,,〇,〇,,
TLP02310,,〇,〇,〇,〇,〇,〇,,〇,〇,〇,〇,〇,〇,〇,〇,〇,〇,〇,,,,,,,,,,,〇,〇,〇,〇,〇,〇,〇,〇,〇,〇,〇,〇,,〇,〇,〇,〇,,,〇,,〇,,,,,〇,,,,,,,,,,,,,,,〇,〇,〇,〇,〇,〇,〇,〇,,,〇,〇,,〇,〇,〇,〇,,,〇,〇,〇,,,,
TLP02309,,〇,〇,〇,〇,〇,〇,,〇,〇,〇,〇,〇,〇,〇,〇,〇,〇,〇,,,,,,,,,,,〇,〇,〇,〇,〇,〇,〇,〇,〇,〇,〇,〇,,〇,〇,〇,〇,,,〇,,〇,,,,,〇,,,,,,,,,,,,,,,〇,〇,〇,〇,〇,〇,〇,〇,,,〇,〇,,〇,〇,〇,〇,,,〇,〇,〇,,,,
TLP02308,,,,,,,,,,,,,,,,,,,,,,,,,,,,,,〇,,,,,,,,,,〇,,,,〇,〇,〇,,,,,,,,,,,,,,,,,,,,,,,,,〇,〇,〇,〇,〇,〇,,,,,〇,〇,〇,〇,〇,,,,,,〇,〇,,,,
TLP02306,,,,,,,,,,,,,,,,,,,,,,,,,,,,,,,〇,〇,〇,〇,〇,〇,〇,〇,〇,,,,〇,,,,,,〇,,,,,,,〇,,,,,,,,,,,,,,,,,,,,,,,,,,,,,,〇,,,,,,,,,,
TLP02303,〇,〇,〇,〇,〇,〇,〇,〇,〇,〇,〇,〇,〇,〇,〇,,〇,〇,〇,,,,,,,,,,,,,,,,,,,,,,,,,,,,,,〇,,〇,,,,,,〇,,,,,,,,,,,,,,,,,,,,〇,〇,,,,,,,,,,,,,,,,,,
TLG01307,,,,,,,,,,,,,,,,,,,,,,,,,,,,,,〇,,,,,,,,,,〇,〇,,,〇,〇,〇,,,,,,,,,,,,,,,,,,,,,,,,,〇,〇,〇,〇,〇,〇,,,,,〇,〇,〇,,〇,,,,,,,,,,〇,〇
TLG01304,,,,,,,,,,,,,,,,,,,,,,,,,,,,,,,〇,〇,〇,〇,〇,〇,〇,〇,〇,,,,,,,,,,〇,,〇,,,,,〇,,,,,,,,,,,,,,,,,,,,,,,,,,,,,,〇,〇,,,,,,,,,
TLG01301,〇,,,,,,〇,〇,〇,〇,〇,,〇,〇,〇,〇,〇,〇,〇,〇,〇,〇,〇,〇,〇,〇,〇,〇,〇,,,,,,,,,,,,,,,,,,〇,〇,,〇,〇,〇,〇,〇,〇,,〇,〇,〇,〇,〇,〇,,〇,〇,〇,〇,〇,,〇,,,,,,,〇,〇,〇,〇,,,,,,,,,,,,,〇,〇,,
TLG01201,〇,〇,,,,,〇,〇,〇,〇,〇,,〇,〇,〇,〇,〇,〇,〇,〇,〇,,〇,〇,〇,〇,〇,〇,〇,,,,,,,,,,,,,,,,,,,,,〇,,〇,〇,,,,〇,,〇,〇,〇,,,,,,,,,〇,,,,,,,〇,〇,〇,〇,,,,,,,,,,,,,〇,〇,,
TLG01311,,〇,〇,〇,〇,〇,〇,〇,〇,〇,〇,〇,〇,〇,〇,〇,〇,〇,〇,,,,,,,,,,,〇,〇,〇,〇,〇,〇,〇,〇,〇,〇,〇,〇,,〇,〇,〇,〇,,,〇,,〇,,,,,〇,,,,,,,,,,,,,,,〇,〇,〇,〇,〇,〇,〇,〇,,,〇,〇,,〇,〇,〇,〇,,,〇,〇,〇,,,,
TLG01310,,〇,〇,〇,〇,〇,〇,〇,〇,〇,〇,〇,〇,〇,〇,〇,〇,〇,〇,,,,,,,,,,,〇,〇,〇,〇,〇,〇,〇,〇,〇,〇,〇,〇,,〇,〇,〇,〇,,,〇,,〇,,,,,〇,,,,,,,,,,,,,,,〇,〇,〇,〇,〇,〇,〇,〇,,,〇,〇,,〇,〇,〇,〇,,,〇,〇,〇,,,,
TLG01308,,,,,,,,,,,,,,,,,,,,,,,,,,,,,,〇,,,,,,,,,,〇,〇,,,〇,〇,〇,,,,,,,,,,,,,,,,,,,,,,,,,〇,〇,〇,〇,〇,〇,,,,,〇,〇,〇,〇,〇,,,,,,〇,〇,,,,
TLG01306,,,,,,,,,,,,,,,,,,,,,,,,,,,,,,,〇,〇,〇,〇,〇,〇,〇,〇,〇,,,〇,〇,,,,,,〇,,〇,,,,,〇,,,,,,,,,,,,,,,,,,,,,,,,,,,,,,〇,〇,,,〇,,,,,,
TLG01303,〇,,,,,,〇,〇,〇,〇,〇,,〇,〇,〇,〇,〇,〇,〇,〇,〇,〇,〇,〇,〇,〇,〇,〇,〇,,,,,,,,,,,,,,,,,,〇,〇,,〇,〇,〇,〇,〇,〇,,〇,〇,〇,〇,〇,〇,,〇,〇,〇,〇,〇,,〇,,,,,,,〇,〇,〇,〇,,,,,,,,〇,〇,,,,〇,〇,,
TLG02307,,,,,,,,,,,,,,,,,,,,,,,,,,,,,,〇,,,,,,,,,,〇,〇,,,〇,〇,〇,,,,,,,,,,,,,,,,,,,,,,,,,〇,〇,〇,〇,〇,〇,,,,,〇,〇,〇,,〇,,,,,,,,,,〇,〇
TLG02304,,,,,,,,,,,,,,,,,,,,,,,,,,,,,,,〇,〇,〇,〇,〇,〇,〇,〇,〇,,,,,,,,,,〇,,〇,,,,,〇,,,,,,,,,,,,,,,,,,,,,,,,,,,,,,〇,〇,,,,,,,,,
TLG02301,〇,〇,〇,〇,,,〇,〇,〇,〇,〇,〇,〇,〇,〇,〇,〇,〇,〇,〇,〇,〇,〇,〇,〇,〇,〇,〇,〇,,,,,,,,,,,,,,,,,,〇,〇,,〇,〇,〇,〇,〇,〇,,〇,〇,〇,〇,〇,〇,,〇,〇,〇,〇,〇,,〇,,,,,,,〇,〇,〇,〇,,,,,,,,,,,,,〇,〇,,
TLG02201,〇,〇,〇,〇,,,〇,〇,〇,〇,〇,〇,〇,〇,〇,〇,〇,〇,〇,〇,〇,,〇,〇,〇,〇,〇,〇,〇,,,,,,,,,,,,,,,,,,,,,〇,,〇,〇,,,,〇,,〇,〇,〇,,,,,,,,,〇,,,,,,,〇,〇,〇,〇,,,,,,,,,,,,,〇,〇,,
TLG02311,,〇,〇,〇,〇,〇,〇,,〇,〇,〇,〇,〇,〇,〇,〇,〇,〇,〇,,,,,,,,,,,〇,〇,〇,〇,〇,〇,〇,〇,〇,〇,〇,〇,,〇,〇,〇,〇,,,〇,,〇,,,,,〇,,,,,,,,,,,,,,,〇,〇,〇,〇,〇,〇,〇,〇,,,〇,〇,,〇,〇,〇,〇,,,〇,〇,〇,,,,
TLG02310,,〇,〇,〇,〇,〇,〇,,〇,〇,〇,〇,〇,〇,〇,〇,〇,〇,〇,,,,,,,,,,,〇,〇,〇,〇,〇,〇,〇,〇,〇,〇,〇,〇,,〇,〇,〇,〇,,,〇,,〇,,,,,〇,,,,,,,,,,,,,,,〇,〇,〇,〇,〇,〇,〇,〇,,,〇,〇,,〇,〇,〇,〇,,,〇,〇,〇,,,,
TLG02308,,,,,,,,,,,,,,,,,,,,,,,,,,,,,,〇,,,,,,,,,,〇,〇,,,〇,〇,〇,,,,,,,,,,,,,,,,,,,,,,,,,〇,〇,〇,〇,〇,〇,,,,,〇,〇,〇,〇,〇,,,,,,〇,〇,,,,
TLG02306,,,,,,,,,,,,,,,,,,,,,,,,,,,,,,,〇,〇,〇,〇,〇,〇,〇,〇,〇,,,〇,〇,,,,,,〇,,〇,,,,,〇,,,,,,,,,,,,,,,,,,,,,,,,,,,,,,〇,〇,,,〇,,,,,,
TLG02303,〇,〇,〇,〇,,,〇,〇,〇,〇,〇,〇,〇,〇,〇,〇,〇,〇,〇,〇,〇,〇,〇,〇,〇,〇,〇,〇,〇,,,,,,,,,,,,,,,,,,〇,〇,,〇,〇,〇,〇,〇,〇,,〇,〇,〇,〇,〇,〇,,〇,〇,〇,〇,〇,,〇,,,,,,,〇,〇,〇,〇,,,,,,,,〇,〇,,,,〇,〇,,
TLG03305,,,,,,,,,,,,,,,,,,,,,,,,,,,,,,〇,,,,,,,,,,〇,〇,,,〇,〇,〇,,,,,,,,,,,,,,,,,,,,,,,,,〇,〇,〇,〇,〇,〇,,,,,〇,〇,〇,,〇,,,,,,,,,,〇,〇
TLG03303,,,,,,,,,,,,,,,,,,,,,,,,,,,,,,,〇,〇,〇,〇,〇,〇,〇,〇,〇,,,,,,,,,,〇,,〇,,,,,〇,,,,,,,,,,,,,,,,,,,,,,,,,,,,,,〇,〇,,,,,,,,,
TLG03301,〇,〇,〇,〇,,,〇,〇,〇,〇,〇,〇,〇,〇,〇,〇,〇,〇,〇,〇,〇,〇,〇,〇,〇,〇,〇,〇,〇,,,,,,,,,,,,,,,,,,〇,〇,,〇,〇,〇,〇,〇,〇,,〇,〇,〇,〇,〇,〇,,〇,〇,〇,〇,〇,,〇,,,,,,,〇,〇,〇,〇,,,,,,,,,,,,,〇,〇,,
TLG03201,〇,〇,〇,〇,,,〇,〇,〇,〇,〇,〇,〇,〇,〇,〇,〇,〇,〇,〇,〇,,〇,〇,〇,〇,〇,〇,〇,,,,,,,,,,,,,,,,,,,,,〇,,〇,〇,,,,〇,,〇,〇,〇,,,,,,,,,〇,,,,,,,〇,〇,〇,〇,,,,,,,,,,,,,〇,〇,,
TLG03308,,〇,〇,〇,〇,〇,〇,〇,〇,〇,〇,〇,〇,〇,〇,〇,〇,〇,〇,,,,,,,,,,,〇,〇,〇,〇,〇,〇,〇,〇,〇,〇,〇,〇,,〇,〇,〇,〇,,,〇,,〇,,,,,〇,,,,,,,,,,,,,,,〇,〇,〇,〇,〇,〇,〇,〇,,,〇,〇,,〇,〇,〇,〇,,,〇,〇,〇,,,,
TLG03307,,〇,〇,〇,〇,〇,〇,〇,〇,〇,〇,〇,〇,〇,〇,〇,〇,〇,〇,,,,,,,,,,,〇,〇,〇,〇,〇,〇,〇,〇,〇,〇,〇,〇,,〇,〇,〇,〇,,,〇,,〇,,,,,〇,,,,,,,,,,,,,,,〇,〇,〇,〇,〇,〇,〇,〇,,,〇,〇,,〇,〇,〇,〇,,,〇,〇,〇,,,,
TLG03306,,,,,,,,,,,,,,,,,,,,,,,,,,,,,,〇,,,,,,,,,,〇,〇,,,〇,〇,〇,,,,,,,,,,,,,,,,,,,,,,,,,〇,〇,〇,〇,〇,〇,,,,,〇,〇,〇,〇,〇,,,,,,〇,〇,,,,
TLG03304,,,,,,,,,,,,,,,,,,,,,,,,,,,,,,,〇,〇,〇,〇,〇,〇,〇,〇,〇,,,〇,〇,,,,,,〇,,〇,,,,,〇,,,,,,,,,,,,,,,,,,,,,,,,,,,,,,〇,〇,,,〇,,,,,,
TLG03302,〇,〇,〇,〇,,,〇,〇,〇,〇,〇,〇,〇,〇,〇,〇,〇,〇,〇,〇,〇,〇,〇,〇,〇,〇,〇,〇,〇,,,,,,,,,,,,,,,,,,〇,〇,,〇,〇,〇,〇,〇,〇,,〇,〇,〇,〇,〇,〇,,〇,〇,〇,〇,〇,,〇,,,,,,,〇,〇,〇,〇,,,,,,,,〇,〇,,,,〇,〇,,
TLG04307,,,,,,,,,,,,,,,,,,,,,,,,,,,,,,〇,,,,,,,,,,〇,〇,,,〇,〇,〇,,,,,,,,,,,,,,,,,,,,,,,,,〇,〇,〇,〇,〇,〇,,,,,〇,〇,〇,,〇,,,,,,,,,,〇,〇
TLG04304,,,,,,,,,,,,,,,,,,,,,,,,,,,,,,,〇,〇,〇,〇,〇,〇,〇,〇,〇,,,,,,,,,,〇,,〇,,,,,〇,,,,,,,,,,,,,,,,,,,,,,,,,,,,,,〇,〇,,,,,,,,,
TLG04301,,,,,,,〇,〇,〇,〇,〇,,〇,〇,〇,〇,〇,〇,〇,〇,〇,〇,〇,〇,〇,〇,〇,〇,〇,,,,,,,,,,,,,,,,,,〇,〇,,〇,〇,〇,〇,〇,〇,,〇,〇,〇,〇,〇,〇,,〇,〇,〇,〇,〇,,〇,,,,,,,〇,〇,〇,〇,,,,,,,,,,,,,〇,〇,,
TLG04201,〇,〇,〇,〇,,,〇,〇,〇,〇,〇,〇,〇,〇,〇,〇,〇,〇,〇,〇,〇,,〇,〇,〇,〇,〇,〇,〇,,,,,,,,,,,,,,,,,,,,,〇,,〇,〇,,,,〇,,〇,〇,〇,,,,,,,,,〇,,,,,,,〇,〇,〇,〇,,,,,,,,,,,,,〇,〇,,
TLG04310,,〇,〇,〇,〇,〇,〇,〇,〇,〇,〇,〇,〇,〇,〇,〇,〇,〇,〇,,,,,,,,,,,〇,〇,〇,〇,〇,〇,〇,〇,〇,〇,〇,〇,,〇,〇,〇,〇,,,〇,,〇,,,,,〇,,,,,,,,,,,,,,,〇,〇,〇,〇,〇,〇,〇,〇,,,〇,〇,,〇,〇,〇,〇,,,〇,〇,〇,,,,
TLG04309,,〇,〇,〇,〇,〇,〇,〇,〇,〇,〇,〇,〇,〇,〇,〇,〇,〇,〇,,,,,,,,,,,〇,〇,〇,〇,〇,〇,〇,〇,〇,〇,〇,〇,,〇,〇,〇,〇,,,〇,,〇,,,,,〇,,,,,,,,,,,,,,,〇,〇,〇,〇,〇,〇,〇,〇,,,〇,〇,,〇,〇,〇,〇,,,〇,〇,〇,,,,
TLG04308,,,,,,,,,,,,,,,,,,,,,,,,,,,,,,〇,,,,,,,,,,〇,〇,,,〇,〇,〇,,,,,,,,,,,,,,,,,,,,,,,,,〇,〇,〇,〇,〇,〇,,,,,〇,〇,〇,〇,〇,,,,,,〇,〇,,,,
TLG04306,,,,,,,,,,,,,,,,,,,,,,,,,,,,,,,〇,〇,〇,〇,〇,〇,〇,〇,〇,,,〇,〇,,,,,,〇,,〇,,,,,〇,,,,,,,,,,,,,,,,,,,,,,,,,,,,,,〇,〇,,,〇,,,,,,
TLG04303,,,,,,,〇,〇,〇,〇,〇,,〇,〇,〇,〇,〇,〇,〇,〇,〇,〇,〇,〇,〇,〇,〇,〇,〇,,,,,,,,,,,,,,,,,,〇,〇,,〇,〇,〇,〇,〇,〇,,〇,〇,〇,〇,〇,〇,,〇,〇,〇,〇,〇,,〇,,,,,,,〇,〇,〇,〇,,,,,,,,〇,〇,,,,〇,〇,,
TLS01307,,,,,,,,,,,,,,,,,,,,,,,,,,,,,,〇,,,,,,,,,,〇,〇,,,〇,〇,〇,,,,,,,,,,,,,,,,,,,,,,,,,〇,〇,〇,〇,〇,〇,,,,,〇,〇,〇,,〇,,,,,,,,,,〇,〇
TLS01304,,,,,,,,,,,,,,,,,,,,,,,,,,,,,,,〇,〇,〇,〇,〇,〇,〇,〇,〇,,,,,,,,,,〇,,〇,,,,,〇,,,,,,,,,,,,,,,,,,,,,,,,,,,,,,〇,〇,,,,,,,,,
TLS01301,〇,,,,,,〇,〇,〇,〇,〇,,,〇,〇,〇,〇,〇,〇,〇,〇,〇,〇,〇,〇,〇,〇,〇,〇,,,,,,,,,,,,,,,,,,〇,〇,,〇,〇,〇,〇,〇,〇,,〇,〇,〇,〇,〇,〇,,〇,〇,〇,〇,〇,,〇,,,,,,,〇,〇,〇,〇,,,,,,,,,,,,,〇,〇,,
TLS01201,〇,〇,〇,〇,〇,〇,〇,〇,〇,〇,〇,〇,〇,〇,〇,〇,〇,〇,〇,〇,〇,,〇,〇,〇,〇,〇,〇,〇,,,,,,,,,,,,,,,,,,,,,〇,,〇,〇,,,,〇,,〇,〇,〇,,,,,,,,,〇,,,,,,,〇,〇,〇,〇,,,,,,,,,,,,,〇,〇,,
TLS01310,〇,〇,〇,〇,〇,〇,〇,〇,〇,〇,〇,〇,〇,〇,〇,〇,〇,〇,〇,,,,,,,,,,,〇,〇,〇,〇,〇,〇,〇,〇,〇,〇,〇,〇,,〇,〇,〇,〇,,,〇,,〇,,,,,〇,,,,,,,,,,,,,,,〇,〇,〇,〇,〇,〇,〇,〇,,,〇,〇,,〇,〇,〇,〇,,,〇,〇,〇,,,,
TLS01309,〇,〇,〇,〇,〇,〇,〇,〇,〇,〇,〇,〇,〇,〇,〇,〇,〇,〇,〇,,,,,,,,,,,〇,〇,〇,〇,〇,〇,〇,〇,〇,〇,〇,〇,,〇,〇,〇,〇,,,〇,,〇,,,,,〇,,,,,,,,,,,,,,,〇,〇,〇,〇,〇,〇,〇,〇,,,〇,〇,,〇,〇,〇,〇,,,〇,〇,〇,,,,
TLS01308,,,,,,,,,,,,,,,,,,,,,,,,,,,,,,〇,,,,,,,,,,〇,〇,,,〇,〇,〇,,,,,,,,,,,,,,,,,,,,,,,,,〇,〇,〇,〇,〇,〇,,,,,〇,〇,〇,〇,〇,,,,,,〇,〇,,,,
TLS01306,,,,,,,,,,,,,,,,,,,,,,,,,,,,,,,〇,〇,〇,〇,〇,〇,〇,〇,〇,,,〇,〇,,,,,,〇,,〇,,,,,〇,,,,,,,,,,,,,,,,,,,,,,,,,,,,,,〇,〇,,,〇,,,,,,
TLS01303,〇,〇,〇,〇,,,〇,〇,〇,〇,〇,〇,,〇,〇,〇,〇,〇,〇,〇,〇,〇,〇,〇,〇,〇,〇,〇,〇,,,,,,,,,,,,,,,,,,〇,〇,,〇,〇,〇,〇,〇,〇,,〇,〇,〇,〇,〇,〇,,〇,〇,〇,〇,〇,,〇,,,,,,,〇,〇,〇,〇,,,,,,,,〇,〇,,,,〇,〇,,
TLS02305,,,,,,,,,,,,,,,,,,,,,,,,,,,,,,〇,,,,,,,,,,〇,〇,,,〇,〇,〇,,,,,,,,,,,,,,,,,,,,,,,,,〇,〇,〇,〇,〇,〇,,,,,〇,〇,〇,,〇,,,,,,,,,,〇,〇
TLS02303,,,,,,,,,,,,,,,,,,,,,,,,,,,,,,,〇,〇,〇,〇,〇,〇,〇,〇,〇,,,,,,,,,,〇,,〇,,,,,〇,,,,,,,,,,,,,,,,,,,,,,,,,,,,,,〇,〇,,,,,,,,,
TLS02301,〇,,,,,,〇,〇,〇,〇,〇,,,〇,〇,〇,〇,〇,〇,〇,〇,〇,〇,〇,〇,〇,〇,〇,〇,,,,,,,,,,,,,,,,,,〇,〇,,〇,〇,〇,〇,〇,〇,,〇,〇,〇,〇,〇,〇,,〇,〇,〇,〇,〇,,〇,,,,,,,〇,〇,〇,〇,,,,,,,,,,,,,〇,〇,,
TLS02201,〇,〇,〇,〇,〇,〇,〇,〇,〇,〇,〇,〇,〇,〇,〇,〇,〇,〇,〇,〇,〇,,〇,〇,〇,〇,〇,〇,〇,,,,,,,,,,,,,,,,,,,,,〇,,〇,〇,,,,〇,,〇,〇,〇,,,,,,,,,〇,,,,,,,〇,〇,〇,〇,,,,,,,,,,,,,〇,〇,,
TLS02308,,〇,〇,〇,〇,〇,〇,〇,〇,〇,〇,〇,〇,〇,〇,〇,〇,〇,〇,,,,,,,,,,,〇,〇,〇,〇,〇,〇,〇,〇,〇,〇,〇,〇,,〇,〇,〇,〇,,,〇,,〇,,,,,〇,,,,,,,,,,,,,,,〇,〇,〇,〇,〇,〇,〇,〇,,,〇,〇,,〇,〇,〇,〇,,,〇,〇,〇,,,,
TLS02307,,〇,〇,〇,〇,〇,〇,〇,〇,〇,〇,〇,〇,〇,〇,〇,〇,〇,〇,,,,,,,,,,,〇,〇,〇,〇,〇,〇,〇,〇,〇,〇,〇,〇,,〇,〇,〇,〇,,,〇,,〇,,,,,〇,,,,,,,,,,,,,,,〇,〇,〇,〇,〇,〇,〇,〇,,,〇,〇,,〇,〇,〇,〇,,,〇,〇,〇,,,,
TLS02306,,,,,,,,,,,,,,,,,,,,,,,,,,,,,,〇,,,,,,,,,,〇,〇,,,〇,〇,〇,,,,,,,,,,,,,,,,,,,,,,,,,〇,〇,〇,〇,〇,〇,,,,,〇,〇,〇,〇,〇,,,,,,〇,〇,,,,
TLS02304,,,,,,,,,,,,,,,,,,,,,,,,,,,,,,,〇,〇,〇,〇,〇,〇,〇,〇,〇,,,〇,〇,,,,,,〇,,〇,,,,,〇,,,,,,,,,,,,,,,,,,,,,,,,,,,,,,〇,〇,,,〇,,,,,,
TLS02302,〇,〇,〇,〇,,,〇,〇,〇,〇,〇,〇,,〇,〇,〇,〇,〇,〇,〇,〇,〇,〇,〇,〇,〇,〇,〇,〇,,,,,,,,,,,,,,,,,,〇,〇,,〇,〇,〇,〇,〇,〇,,〇,〇,〇,〇,〇,〇,,〇,〇,〇,〇,〇,,〇,,,,,,,〇,〇,〇,〇,,,,,,,,〇,〇,,,,〇,〇,,
TLS03305,,,,,,,,,,,,,,,,,,,,,,,,,,,,,,〇,,,,,,,,,,〇,〇,,,〇,〇,〇,,,,,,,,,,,,,,,,,,,,,,,,,〇,〇,〇,〇,〇,〇,,,,,,〇,〇,,〇,,,,,,,,,,〇,〇
TLS03303,,,,,,,,,,,,,,,,,,,,,,,,,,,,,,,〇,〇,〇,〇,〇,〇,〇,〇,〇,,,,,,,,,,〇,,〇,,,,,〇,,,,,,,,,,,,,,,,,,,,,,,,,,,,,,〇,〇,,,,,,,,,
TLS03301,〇,,,,,,〇,,〇,〇,〇,,,〇,〇,〇,〇,〇,〇,〇,〇,〇,〇,〇,〇,〇,〇,〇,〇,,,,,,,,,,,,,,,,,,〇,〇,,〇,〇,〇,〇,〇,〇,,〇,〇,〇,〇,〇,〇,,〇,〇,〇,〇,〇,,〇,,,,,,,〇,〇,〇,〇,,,,,,,,,,,,,〇,〇,,
TLS03308,,〇,〇,〇,〇,〇,〇,〇,〇,〇,〇,〇,〇,〇,〇,〇,〇,〇,〇,,,,,,,,,,,〇,〇,〇,〇,〇,〇,〇,〇,〇,〇,〇,〇,,〇,〇,〇,〇,,,〇,,〇,,,,,〇,,,,,,,,,,,,,,,〇,〇,〇,〇,〇,〇,〇,〇,,,〇,〇,,〇,〇,〇,〇,,,〇,〇,〇,,,,
TLS03307,,〇,〇,〇,〇,〇,〇,〇,〇,〇,〇,〇,〇,〇,〇,〇,〇,〇,〇,,,,,,,,,,,〇,〇,〇,〇,〇,〇,〇,〇,〇,〇,〇,〇,,〇,〇,〇,〇,,,〇,,〇,,,,,〇,,,,,,,,,,,,,,,〇,〇,〇,〇,〇,〇,〇,〇,,,〇,〇,,〇,〇,〇,〇,,,〇,〇,〇,,,,
TLS03306,,,,,,,,,,,,,,,,,,,,,,,,,,,,,,〇,,,,,,,,,,〇,〇,,,〇,〇,〇,,,,,,,,,,,,,,,,,,,,,,,,,〇,〇,〇,〇,〇,〇,,,,,,〇,〇,〇,〇,,,,,,〇,〇,,,,
TLS03304,,,,,,,,,,,,,,,,,,,,,,,,,,,,,,,〇,〇,〇,〇,〇,〇,〇,〇,〇,,,〇,〇,,,,,,〇,,〇,,,,,〇,,,,,,,,,,,,,,,,,,,,,,,,,,,,,,〇,〇,,,〇,,,,,,
TLS03302,〇,,,,,,〇,,〇,〇,〇,,,〇,〇,〇,〇,〇,〇,〇,〇,〇,〇,〇,〇,〇,〇,〇,〇,,,,,,,,,,,,,,,,,,〇,〇,,〇,〇,〇,〇,〇,〇,,〇,〇,〇,〇,〇,〇,,〇,〇,〇,〇,〇,,〇,,,,,,,〇,〇,〇,〇,,,,,,,,〇,〇,,,,〇,〇,,
TLS04306,,,,,,,,,,,,,,,,,,,,,,,,,,,,,,〇,,,,,,,,,,〇,〇,,,〇,〇,〇,,,,,,,,,,,,,,,,,,,,,,,,,〇,〇,〇,〇,〇,〇,,,,,,〇,〇,,〇,,,,,,,,,,〇,〇
TLS04304,,,,,,,,,,,,,,,,,,,,,,,,,,,,,,,〇,〇,〇,〇,〇,〇,〇,〇,〇,,,,,,,,,,〇,,〇,,,,,〇,,,,,,,,,,,,,,,,,,,,,,,,,,,,,,〇,〇,,,,,,,,,
TLS04301,〇,,,,,,〇,,〇,〇,〇,,,〇,〇,〇,〇,〇,〇,〇,〇,〇,〇,〇,〇,〇,〇,〇,〇,,,,,,,,,,,,,,,,,,〇,〇,,〇,〇,〇,〇,〇,〇,,〇,〇,〇,〇,〇,〇,,〇,〇,〇,〇,〇,,〇,,,,,,,〇,〇,〇,〇,,,,,,,,,,,,,〇,〇,,
TLS04309,,〇,〇,〇,〇,〇,〇,〇,〇,〇,〇,〇,〇,〇,〇,〇,〇,〇,〇,,,,,,,,,,,〇,〇,〇,〇,〇,〇,〇,〇,〇,〇,〇,〇,,〇,〇,〇,〇,,,〇,,〇,,,,,〇,,,,,,,,,,,,,,,〇,〇,〇,〇,〇,〇,〇,〇,,,〇,〇,,〇,〇,〇,〇,,,〇,〇,〇,,,,
TLS04308,,〇,〇,〇,〇,〇,〇,〇,〇,〇,〇,〇,〇,〇,〇,〇,〇,〇,〇,,,,,,,,,,,〇,〇,〇,〇,〇,〇,〇,〇,〇,〇,〇,〇,,〇,〇,〇,〇,,,〇,,〇,,,,,〇,,,,,,,,,,,,,,,〇,〇,〇,〇,〇,〇,〇,〇,,,〇,〇,,〇,〇,〇,〇,,,〇,〇,〇,,,,
TLS04307,,,,,,,,,,,,,,,,,,,,,,,,,,,,,,〇,,,,,,,,,,〇,〇,,,〇,〇,〇,,,,,,,,,,,,,,,,,,,,,,,,,〇,〇,〇,〇,〇,〇,,,,,,〇,〇,〇,〇,,,,,,〇,〇,,,,
TLS04305,,,,,,,,,,,,,,,,,,,,,,,,,,,,,,,〇,〇,〇,〇,〇,〇,〇,〇,〇,,,〇,〇,,,,,,〇,,〇,,,,,〇,,,,,,,,,,,,,,,,,,,,,,,,,,,,,,〇,〇,,,〇,,,,,,
TLS04303,〇,,,,,,〇,,〇,〇,〇,,,〇,〇,〇,〇,〇,〇,〇,〇,〇,〇,〇,〇,〇,〇,〇,〇,,,,,,,,,,,,,,,,,,〇,〇,,〇,〇,〇,〇,〇,〇,,〇,〇,〇,〇,〇,〇,,〇,〇,〇,〇,〇,,〇,,,,,,,〇,〇,〇,〇,,,,,,,,〇,〇,,,,〇,〇,,
TLE20001,〇,〇,〇,〇,,〇,〇,〇,〇,〇,〇,〇,〇,〇,〇,〇,〇,〇,〇,〇,〇,〇,〇,〇,〇,〇,〇,〇,〇,,,,,,,,,,,,,,,,,,〇,〇,,〇,〇,,〇,,〇,,〇,〇,〇,〇,〇,〇,〇,〇,〇,△,〇,〇,,〇,,,,,,,〇,〇,〇,〇,,,,,,,,,,,,,〇,〇,,
TLE21001,〇,〇,〇,〇,,〇,〇,〇,〇,〇,〇,〇,〇,〇,〇,〇,〇,〇,〇,〇,〇,〇,〇,〇,〇,〇,〇,〇,〇,,,,,,,,,,,,,,,,,,〇,〇,,〇,〇,〇,〇,,〇,,〇,〇,〇,〇,〇,〇,〇,〇,〇,〇,〇,〇,,〇,,,,,,,〇,〇,〇,〇,,,,,,,,,,,,,〇,〇,,
TLE22001,〇,〇,〇,〇,,〇,〇,〇,〇,〇,〇,〇,〇,〇,〇,〇,〇,〇,〇,〇,〇,〇,〇,〇,〇,〇,〇,〇,〇,,,,,,,,,,,,,,,,,,〇,〇,,〇,〇,〇,〇,,〇,,〇,〇,〇,〇,〇,〇,〇,〇,〇,〇,〇,〇,,〇,,,,,,,〇,〇,〇,〇,,,,,,,,,,,,,〇,〇,,
TLE23001,〇,〇,〇,〇,,〇,〇,〇,〇,〇,〇,〇,〇,〇,〇,〇,〇,〇,〇,〇,〇,〇,〇,〇,〇,〇,〇,〇,〇,,,,,,,,,,,,,,,,,,〇,〇,,〇,〇,,〇,,〇,,,〇,〇,〇,〇,〇,〇,〇,〇,〇,〇,〇,,〇,,,,,,,〇,〇,〇,〇,,,,,,,,,,,,,〇,〇,,
TLE23002,,,,,,,,,,,,,,,,,,,,,,,,,,,,,,,〇,〇,〇,〇,〇,〇,〇,〇,〇,,,△,〇,,,,,,〇,,,,,,,〇,,,,,,,,,,,,,,,,,,,,,,,,,,,,,,〇,〇,,,〇,,,,,,
TLE23003,,,,,,,,,,,,,,,,,,,,,,,,,,,,,,〇,,,,,,,,,,〇,〇,,,〇,〇,〇,,,,,,,,,,,,,,,,,,,,,,,,,〇,〇,〇,〇,〇,〇,,,,,〇,△,〇,〇,〇,,,,,,〇,〇,,,〇,〇
TLE23004,〇,〇,〇,〇,,〇,〇,〇,〇,〇,〇,〇,〇,〇,〇,〇,〇,〇,〇,,,,,,,,,,,〇,〇,〇,〇,〇,〇,〇,〇,〇,〇,〇,〇,△,〇,〇,〇,〇,,,〇,,〇,,,,,〇,,,,,,,,,,,,,,,〇,〇,〇,〇,〇,〇,〇,〇,,,〇,〇,〇,〇,〇,〇,〇,,,〇,〇,〇,,,,
TLE23005,〇,〇,〇,〇,,〇,〇,〇,〇,〇,〇,〇,〇,〇,〇,〇,〇,〇,〇,,,,,,,,,,,〇,〇,〇,〇,〇,〇,〇,〇,〇,〇,〇,〇,△,〇,〇,〇,〇,,,〇,,〇,,,,,〇,,,,,,,,,,,,,,,〇,〇,〇,〇,〇,〇,〇,〇,,,〇,〇,〇,〇,〇,〇,〇,,,〇,〇,〇,,,,
TLE24001,〇,〇,〇,〇,,〇,〇,〇,〇,〇,〇,〇,〇,〇,〇,〇,〇,〇,〇,〇,〇,△,〇,〇,〇,〇,〇,〇,〇,,,,,,,,,,,,,,,,,,〇,〇,,〇,〇,,〇,,△,,,〇,〇,〇,〇,〇,〇,△,〇,〇,〇,〇,,〇,,,,,,,〇,〇,〇,〇,,,,,,,,,,,,,〇,〇,,
TLE24002,,,,,,,,,,,,,,,,,,,,,,,,,,,,,,,〇,〇,〇,〇,〇,〇,〇,〇,〇,,,△,〇,,,,,,〇,,,,,,,〇,,,,,,,,,,,,,,,,,,,,,,,,,,,,,,〇,〇,,,△,,,,,,
TLE24003,,,,,,,,,,,,,,,,,,,,,,,,,,,,,,〇,,,,,,,,,,〇,〇,,,〇,〇,〇,,,,,,,,,,,,,,,,,,,,,,,,,〇,〇,〇,〇,〇,〇,,,,,〇,△,〇,〇,〇,,,,,,〇,〇,,,〇,〇
TLE24004,〇,〇,〇,〇,,〇,〇,〇,〇,〇,〇,〇,〇,〇,〇,〇,〇,〇,〇,,,,,,,,,,,〇,〇,〇,〇,〇,〇,〇,〇,〇,〇,〇,〇,△,〇,〇,〇,〇,,,〇,,〇,,,,,〇,,,,,,,,,,,,,,,〇,〇,〇,〇,〇,〇,〇,〇,,,〇,〇,〇,〇,〇,〇,〇,,,〇,〇,〇,,,,
TLE24005,〇,〇,〇,〇,,〇,〇,〇,〇,〇,〇,〇,〇,〇,〇,〇,〇,〇,〇,,,,,,,,,,,〇,〇,〇,〇,〇,〇,〇,〇,〇,〇,〇,〇,△,〇,〇,〇,〇,,,〇,,〇,,,,,〇,,,,,,,,,,,,,,,〇,〇,〇,〇,〇,〇,〇,〇,,,〇,〇,〇,〇,〇,〇,〇,,,〇,〇,〇,,,,
TLE25001,〇,〇,〇,〇,,〇,〇,〇,〇,〇,〇,〇,〇,〇,〇,〇,〇,〇,〇,〇,〇,〇,〇,〇,〇,〇,〇,〇,〇,,,,,,,,,,,,,,,,,,〇,〇,,〇,〇,〇,〇,,〇,,〇,〇,〇,〇,〇,〇,〇,〇,〇,〇,〇,〇,,〇,,,,,,,〇,〇,〇,〇,,,,,,,,,,,,,〇,〇,,
TLE25002,,,,,,,,,,,,,,,,,,,,,,,,,,,,,,,〇,〇,〇,〇,〇,〇,〇,〇,〇,,,〇,〇,,,,,,〇,,,,,,,〇,,,,,,,,,,,,,,,,,,,,,,,,,,,,,,〇,〇,,,〇,,,,,,
TLE25003,,,,,,,,,,,,,,,,,,,,,,,,,,,,,,〇,,,,,,,,,,〇,〇,,,〇,〇,〇,,,,,,,,,,,,,,,,,,,,,,,,,〇,〇,〇,〇,〇,〇,,,,,〇,〇,〇,△,〇,,,,,,〇,〇,,,〇,〇
TLE25004,〇,〇,〇,〇,,〇,〇,〇,〇,〇,〇,〇,〇,〇,〇,〇,〇,〇,〇,,,,,,,,,,,〇,〇,〇,〇,〇,〇,〇,〇,〇,〇,〇,〇,〇,〇,〇,〇,〇,,,〇,,〇,,,,,〇,,,,,,,,,,,,,,,〇,〇,〇,〇,〇,〇,〇,〇,,,〇,〇,〇,△,〇,〇,〇,,,〇,〇,〇,,,,
TLE25005,〇,〇,〇,〇,,〇,〇,〇,〇,〇,〇,〇,〇,〇,〇,〇,〇,〇,〇,,,,,,,,,,,〇,〇,〇,〇,〇,〇,〇,〇,〇,〇,〇,〇,〇,〇,〇,〇,〇,,,〇,,〇,,,,,〇,,,,,,,,,,,,,,,〇,〇,〇,〇,〇,〇,〇,〇,,,〇,〇,〇,△,〇,〇,〇,,,〇,〇,〇,,,,
TLE26001,〇,〇,〇,〇,,〇,〇,〇,〇,〇,〇,〇,〇,〇,〇,〇,〇,〇,〇,〇,〇,〇,〇,〇,〇,〇,〇,〇,〇,,,,,,,,,,,,,,,,,,〇,〇,,〇,〇,〇,〇,〇,〇,,〇,〇,〇,〇,〇,〇,〇,〇,〇,〇,〇,〇,,〇,,,,,,,〇,〇,〇,〇,,,,,,,,,,,,,〇,〇,,
TLE26002,,,,,,,,,,,,,,,,,,,,,,,,,,,,,,,〇,〇,〇,〇,〇,〇,〇,〇,〇,,,〇,〇,,,,,,〇,,,,,,,〇,,,,,,,,,,,,,,,,,,,,,,,,,,,,,,〇,〇,,,△,,,,,,
TLE26003,,,,,,,,,,,,,,,,,,,,,,,,,,,,,,〇,,,,,,,,,,〇,〇,,,〇,〇,〇,,,,,,,,,,,,,,,,,,,,,,,,,〇,〇,〇,〇,〇,〇,,,,,〇,〇,〇,△,〇,,,,,,〇,〇,,,〇,〇
TLE26004,〇,〇,〇,〇,,〇,〇,〇,〇,〇,〇,〇,〇,〇,〇,〇,〇,〇,〇,,,,,,,,,,,〇,〇,〇,〇,〇,〇,〇,〇,〇,〇,〇,〇,〇,〇,〇,〇,〇,,,〇,,〇,,,,,〇,,,,,,,,,,,,,,,〇,〇,〇,〇,〇,〇,〇,〇,,,〇,〇,〇,△,〇,〇,〇,,,△,〇,〇,,,,
TLE26005,〇,〇,〇,〇,,〇,〇,〇,〇,〇,〇,〇,〇,〇,〇,〇,〇,〇,〇,,,,,,,,,,,〇,〇,〇,〇,〇,〇,〇,〇,〇,〇,〇,〇,〇,〇,〇,〇,〇,,,〇,,〇,,,,,〇,,,,,,,,,,,,,,,〇,〇,〇,〇,〇,〇,〇,〇,,,〇,〇,〇,△,〇,〇,〇,,,△,〇,〇,,,,
TLE27001,〇,〇,〇,〇,,,〇,〇,〇,〇,〇,〇,〇,〇,〇,〇,〇,〇,〇,〇,〇,〇,〇,〇,〇,〇,〇,〇,〇,,,,,,,,,,,,,,,,,,〇,〇,,〇,〇,〇,〇,,〇,,△,〇,〇,〇,〇,〇,,〇,〇,〇,〇,〇,,〇,,,,,,,〇,〇,〇,〇,,,,,,,,,,,,,〇,〇,,
TLE30001,〇,〇,〇,〇,,〇,,〇,〇,〇,〇,〇,〇,〇,〇,〇,〇,〇,〇,〇,〇,〇,〇,〇,〇,〇,〇,〇,〇,,,,,,,,,,,,,,,,,,〇,,,〇,〇,〇,〇,,〇,,△,,,〇,〇,,,,,,〇,,,〇,,,,,,,〇,〇,〇,〇,,,,,,,,,,,,,〇,〇,,
TLE28001,〇,〇,〇,〇,,〇,〇,〇,〇,〇,〇,〇,〇,〇,〇,〇,〇,〇,〇,〇,〇,〇,〇,〇,〇,〇,〇,〇,〇,,,,,,,,,,,,,,,,,,〇,〇,,〇,〇,〇,〇,〇,〇,,〇,〇,〇,〇,〇,〇,〇,〇,〇,〇,〇,〇,,〇,,,,,,,〇,〇,〇,〇,,,,,,,,,,,,,〇,〇,,
TLE31001,〇,〇,〇,〇,,〇,,〇,〇,〇,〇,〇,〇,〇,〇,〇,〇,〇,〇,〇,〇,〇,〇,〇,〇,〇,〇,〇,〇,,,,,,,,,,,,,,,,,,〇,,,〇,〇,〇,〇,,〇,,〇,,,〇,〇,,〇,,,,〇,,,〇,,,,,,,〇,〇,〇,〇,,,,,,,,,,,,,〇,〇,,
TLE29001,〇,〇,〇,〇,,〇,〇,〇,〇,〇,〇,〇,〇,〇,〇,〇,〇,〇,〇,〇,〇,〇,〇,〇,〇,〇,〇,〇,〇,,,,,,,,,,,,,,,,,,〇,〇,,〇,〇,〇,〇,〇,〇,,〇,〇,〇,〇,△,〇,〇,〇,〇,〇,〇,〇,,〇,,,,,,,〇,〇,〇,〇,,,,,,,,,,,,,〇,〇,,
TLG13301,〇,〇,〇,〇,,〇,〇,〇,〇,〇,〇,〇,〇,〇,〇,〇,〇,○,○,〇,〇,〇,〇,〇,〇,〇,〇,〇,〇,,,,,,,,,,,,,,,,,,〇,〇,〇,〇,〇,,〇,,〇,〇,〇,〇,〇,〇,〇,〇,,〇,〇,〇,〇,〇,,〇,,,,,,,〇,〇,〇,〇,,,,,,,,,,,,,〇,〇,,
TLG13303,,,,,,,,,,,,,,,,,,,,,,,,,,,,,,,〇,〇,〇,〇,〇,〇,〇,〇,〇,,,,,,,,,,〇,,〇,,,,,〇,,,,,,,,,,,,,,,,,,,,,,,,,,,,,,〇,〇,,,,,,,,,
TLG13305,,,,,,,,,,,,,,,,,,,,,,,,,,,,,,〇,,,,,,,,,,〇,〇,,,〇,〇,〇,,,,,,,,,,,,,,,,,,,,,,,,,〇,〇,〇,〇,〇,〇,,,,,〇,〇,〇,,〇,,,,,,,,,,〇,〇
TLG13302,〇,〇,〇,〇,,〇,〇,〇,〇,〇,〇,〇,〇,〇,〇,〇,〇,○,○,〇,〇,〇,〇,〇,〇,〇,〇,〇,〇,,,,,,,,,,,,,,,,,,〇,〇,〇,〇,〇,,〇,,〇,〇,〇,〇,〇,〇,〇,〇,,〇,〇,〇,〇,〇,,〇,,,,,,,〇,〇,〇,〇,,,,,,,,〇,〇,,,,〇,〇,,
TLG13304,,,,,,,,,,,,,,,,,,,,,,,,,,,,,,,〇,〇,〇,〇,〇,〇,〇,〇,〇,,,〇,〇,,,,,,〇,,〇,,,,,〇,,,,,,,,,,,,,,,,,,,,,,,,,,,,,,〇,〇,,,〇,,,,,,
TLG13306,,,,,,,,,,,,,,,,,,,,,,,,,,,,,,〇,,,,,,,,,,〇,〇,,,〇,〇,〇,,,,,,,,,,,,,,,,,,,,,,,,,〇,〇,〇,〇,〇,〇,,,,,〇,〇,〇,〇,〇,,,,,,,,,,〇,〇
TLG13307,,〇,〇,〇,,〇,〇,,〇,〇,〇,〇,〇,〇,〇,〇,〇,○,○,,,,,,,,,,,〇,,,〇,〇,〇,〇,○,○,○,○,○,〇,,〇,〇,〇,,,○,,○,,,,,○,,,,,,,,,,,,,,,○,○,○,○,○,○,○,○,,,○,○,○,○,○,○,○,,,○,○,○,,,,
TLG13308,,〇,〇,〇,,〇,〇,,〇,〇,〇,〇,〇,〇,〇,〇,〇,○,○,,,,,,,,,,,〇,,,〇,〇,〇,〇,○,○,○,○,○,〇,,〇,〇,〇,,,○,,○,,,,,○,,,,,,,,,,,,,,,○,○,○,○,○,○,○,○,,,○,○,○,○,○,○,○,,,○,○,○,,,,
TLG13201,〇,〇,〇,〇,,〇,〇,〇,〇,〇,〇,〇,〇,〇,〇,〇,〇,○,○,〇,〇,,〇,〇,〇,〇,〇,〇,〇,,,,,,,,,,,,,,,,,,,,,〇,〇,,〇,,,,〇,,,〇,〇,,,,,,,,,〇,,,,,,,〇,〇,〇,〇,,,,,,,,,,,,,〇,〇,,
TLS06301,〇,〇,〇,〇,,〇,〇,〇,〇,〇,〇,〇,〇,〇,〇,〇,〇,○,○,〇,〇,〇,〇,〇,〇,〇,〇,〇,,,,,,,,,,,,,,,,,,,〇,〇,〇,〇,〇,〇,〇,,〇,,〇,〇,〇,〇,〇,〇,,〇,〇,〇,〇,〇,,〇,,,,,,,〇,〇,〇,〇,,,,,,,,,,,,,〇,〇,,
TLS06302,〇,〇,〇,〇,,〇,〇,〇,〇,〇,〇,〇,〇,〇,〇,〇,〇,○,○,〇,〇,〇,〇,〇,〇,〇,〇,〇,,,,,,,,,,,,,,,,,,,〇,〇,〇,〇,〇,〇,〇,,〇,〇,〇,〇,〇,〇,〇,〇,,〇,〇,〇,〇,〇,,〇,,,,,,,〇,〇,〇,〇,,,,,,,,〇,〇,,,,〇,〇,,
TLS06303,,,,,,,,,,,,,,,,,,,,,,,,,,,,,,,〇,〇,〇,〇,〇,〇,〇,〇,〇,,,,,,,,,,〇,,〇,,,,,〇,,,,,,,,,,,,,,,,,,,,,,,,,,,,,,〇,〇,,,,,,,,,
TLS06304,,,,,,,,,,,,,,,,,,,,,,,,,,,,,,,〇,〇,〇,〇,〇,〇,〇,〇,〇,,,〇,〇,,,,,,〇,,〇,,,,,〇,,,,,,,,,,,,,,,,,,,,,,,,,,,,,,〇,〇,,,〇,,,,,,
TLS06305,,,,,,,,,,,,,,,,,,,,,,,,,,,,,,〇,,,,,,,,,,○,○,,,〇,〇,〇,,,,,,,,,,,,,,,,,,,,,,,,,〇,〇,〇,〇,〇,〇,,,,,〇,〇,〇,,〇,,,,,,〇,〇,,,〇,〇
TLS06306,,,,,,,,,,,,,,,,,,,,,,,,,,,,,,〇,,,,,,,,,,○,○,,,〇,〇,〇,,,,,,,,,,,,,,,,,,,,,,,,,〇,〇,〇,〇,〇,〇,,,,,〇,〇,〇,〇,〇,,,,,,〇,〇,,,〇,〇
TLS06307,,○,○,○,,○,○,○,○,○,○,○,○,○,○,○,○,○,○,,,,,,,,,,,〇,,,○,○,○,○,○,○,○,○,○,〇,,〇,〇,〇,,,○,,○,,,,,○,,,,,,,,,,,,,,,○,○,○,○,○,○,〇,〇,,,〇,〇,,〇,〇,〇,〇,,,〇,○,○,,,,
TLS06308,,○,○,○,,○,○,○,○,○,○,○,○,○,○,○,○,○,○,,,,,,,,,,,〇,,,○,○,○,○,○,○,○,○,○,〇,,〇,〇,〇,,,○,,○,,,,,○,,,,,,,,,,,,,,,○,○,○,○,○,○,〇,〇,,,〇,〇,,〇,〇,〇,〇,,,〇,○,○,,,,
TLS073J0,,○,○,○,,○,○,○,○,○,○,○,○,○,○,○,○,○,○,,,,,,,,,,,〇,,,○,○,○,○,○,○,○,○,○,〇,,〇,〇,〇,,,○,,○,,,,,○,,,,,,,,,,,,,,,○,○,○,○,○,○,〇,〇,,,〇,〇,,〇,〇,〇,〇,,,〇,○,○,,,,