ID,製品カテゴリ,品番,管理番号,シリーズカテゴリ,シリーズ,シェイプ,,サイズ,,,,商品分類（1）,商品分類（2）,金額,製品詳細ページURL,受賞アイコン,,機能アイコン,,,,,,,,,,,,カラー（単色）,,,,,,,,,,,,,カラー（バイカラー）,,,,,,,,カラー
,,,,,,,,テキスト,横幅（W）,奥行き（H）,深さ（D）,,,,,IF DESIGN AWARD,Reddot award,ACTIVE WAVE,COMFORT GLIDE,COMFORT WAVE (over head shower),GYROSTREAM,HEAT PROTECT,MINI UNIT,SAFETY THERMO,SOFT FLOW,WARM SPA (over head shower),WARM SPA (hand shower),COMFORT WAVE (hand shower),INTENSE WAVE,PN,BN,PFG,BFG,PRG,BRG,PBR,BBR,PC,PBL,BBL,MBL,W,ZA：PN-BN,ZA：PC-BFG,ZA：PC-BRG,ZA：PC-BN,GF：BN-PN,GF：BBL-PBL,GF：BFG-PFG,GF：BRG-PRG,DEFAULT
SYSTEM_ID,PRODUCT_TYPE,PRODUCT_ID,COMBINATION_ID,SERIES_CATEGORY,SERIES,SHAPE_TEXT,SHAPE,SIZE,SIZE_W,SIZE_H,SIZE_D,CATEGORY_1,CATEGORY_2,PRICE,PRODUCT_URL,AWARD_01,AWARD_02,TECH_01,TECH_02,TECH_03,TECH_04,TECH_05,TECH_06,TECH_07,TECH_08,TECH_09,TECH_10,TECH_11,TECH_12,COLOUR_PN,COLOUR_BN,COLOUR_PFG,COLOUR_BFG,COLOUR_PRG,COLOUR_BRG,COLOUR_PBR,COLOUR_BBR,COLOUR_PC,COLOUR_PBL,COLOUR_BBL,COLOUR_MBL,COLOUR_W,COLOUR_PN-BN,COLOUR_PC-BFG,COLOUR_PC-BRG,COLOUR_PC-BN,COLOUR_BN-PN,COLOUR_BBL-PBL,COLOUR_BFG-PFG,COLOUR_BRG-PRG,COLOUR_DEFAULT
236,controller,TBP02301,MZS0231,Z,ZL,Square,S,,,,,lever,normal,,,,,,1,,,,1,,,,,,,,,,,,,,,1,,,,,,,,,,,,,
237,controller,TBP02302,MZS0232,Z,ZL,Square,S,,,,,lever,w/Diverter,,,,,,1,,,,1,,,,,,,,,,,,,,,1,,,,,,,,,,,,,
238,bath-spout,TBP02001,SZS02,Z,ZL,Square,S,,,,,,,,,,,,,,,,,,,,,,,,,,,,,,,1,,,,,,,,,,,,,
239,controller,TBG07303,MGS0731,G,GE,Square,S,,,,,lever,normal,,,,,,1,,,,1,,,,,,,,,,,,,,,1,,,,,,,,,,,,,
240,controller,TBG07304,MGS0732,G,GE,Square,S,,,,,lever,w/Diverter,,,,,,1,,,,1,,,,,,,,,,,,,,,1,,,,,,,,,,,,,
241,bath-spout,TBG07001,SGS07,G,GE,Square,S,,,,,,,,,,,,,,,,,,,,,,,,,,,,,,,1,,,,,,,,,,,,,
242,controller,TBG08303,MGS0831,G,GC,Square,S,,,,,lever,normal,,,,,,1,,,,1,,,,,,,,,,,,,,,1,,,,,,,,,,,,,
243,controller,TBG08304,MGS0832,G,GC,Square,S,,,,,lever,w/Diverter,,,,,,1,,,,1,,,,,,,,,,,,,,,1,,,,,,,,,,,,,
244,bath-spout,TBG08001,SGS08,G,GC,Square,S,,,,,,,,,,,,,,,,,,,,,,,,,,,,,,,1,,,,,,,,,,,,,
245,controller,TBG09303,MGS0931,G,GM,Square,S,,,,,lever,normal,,,,,,1,,,,1,,,,,,,,,,,,,,,1,,,,,,,,,,,,,
246,controller,TBG09304,MGS0932,G,GM,Square,S,,,,,lever,w/Diverter,,,,,,1,,,,1,,,,,,,,,,,,,,,1,,,,,,,,,,,,,
247,bath-spout,TBG09001,SGS09,G,GM,Square,S,,,,,,,,,,,,,,,,,,,,,,,,,,,,,,,1,,,,,,,,,,,,,
248,controller,TBG10303,MGS1031,G,GB,Square,S,,,,,lever,normal,,,,,,1,,,,1,,,,,,,,,,,,,,,1,,,,,,,,,,,,,
249,controller,TBG10304,MGS1032,G,GB,Square,S,,,,,lever,w/Diverter,,,,,,1,,,,1,,,,,,,,,,,,,,,1,,,,,,,,,,,,,
250,bath-spout,TBG10001,SGS10,G,GB,Square,S,,,,,,,,,,,,,,,,,,,,,,,,,,,,,,,1,,,,,,,,,,,,,
251,controller,TBG11303,MGR1131,G,GF,Round,R,,,,,lever,normal,,,,,,1,,,,1,,,,,,,,,,,,,,,1,,,,,,,,,,,,,
252,controller,TBG11304,MGR1132,G,GF,Round,R,,,,,lever,w/Diverter,,,,,,1,,,,1,,,,,,,,,,,,,,,1,,,,,,,,,,,,,
253,bath-spout,TBG11001,SGR11,G,GF,Round,R,,,,,,,,,,,,,,,,,,,,,,,,,,,,,,,1,,,,,,,,,,,,,
254,controller,TBG04303,MGS0431,G,GA,Square,S,,,,,lever,normal,,,,,,1,,,,1,,,,,,,,,,,,,,,1,,,,,,,,,,,,,
255,controller,TBG04304,MGS0432,G,GA,Square,S,,,,,lever,w/Diverter,,,,,,1,,,,1,,,,,,,,,,,,,,,1,,,,,,,,,,,,,
256,bath-spout,TBG02001,SGS02,G,GA/GR,Square,S,,,,,,,,,,,,,,,,,,,,,,,,,,,,,,,1,,,,,,,,,,,,,
257,controller,TBG01303,MGR0131,G,GO,Round,R,,,,,lever,normal,,,,,,1,,,,1,,,,,,,,,,,,,,,1,,,,,,,,,,,,,
258,controller,TBG01304,MGR0132,G,GO,Round,R,,,,,lever,w/Diverter,,,,,,1,,,,1,,,,,,,,,,,,,,,1,,,,,,,,,,,,,
259,bath-spout,TBG01001,SGR01,G,GO,Round,R,,,,,,,,,,,,,,,,,,,,,,,,,,,,,,,1,,,,,,,,,,,,,
260,controller,TBG02303,MGS0231,G,GR,Square,S,,,,,lever,normal,,,,,,1,,,,1,,,,,,,,,,,,,,,1,,,,,,,,,,,,,
261,controller,TBG02304,MGS0232,G,GR,Square,S,,,,,lever,w/Diverter,,,,,,1,,,,1,,,,,,,,,,,,,,,1,,,,,,,,,,,,,
263,controller,TBG03303,MGR0331,G,GS,Round,R,,,,,lever,normal,,,,,,1,,,,1,,,,,,,,,,,,,,,1,,,,,,,,,,,,,
264,controller,TBG03304,MGR0332,G,GS,Round,R,,,,,lever,w/Diverter,,,,,,1,,,,1,,,,,,,,,,,,,,,1,,,,,,,,,,,,,
265,bath-spout,TBG01001,SGR01,G,GS,Round,R,,,,,,,,,,,,,,,,,,,,,,,,,,,,,,,1,,,,,,,,,,,,,
266,controller,TBS01303,MLR0131,L,LB,Round,R,,,,,lever,normal,,,,,,,,,,,,,,,,,,,,,,,,,1,,,,,,,,,,,,,
267,controller,TBS01304,MLR0132,L,LB,Round,R,,,,,lever,w/Diverter,,,,,,,,,,,,,,,,,,,,,,,,,1,,,,,,,,,,,,,
268,bath-spout,TBG01001,SGR01,L,LB,Round,R,,,,,,,,,,,,,,,,,,,,,,,,,,,,,,,1,,,,,,,,,,,,,
269,controller,TBS02303,MLR0231,L,LN,Round,R,,,,,lever,normal,,,,,,,,,,,,,,,,,,,,,,,,,1,,,,,,,,,,,,,
270,controller,TBS02304,MLR0232,L,LN,Round,R,,,,,lever,w/Diverter,,,,,,,,,,,,,,,,,,,,,,,,,1,,,,,,,,,,,,,
271,bath-spout,TBS02001,SLR02,L,LN,Round,R,,,,,,,,,,,,,,,,,,,,,,,,,,,,,,,1,,,,,,,,,,,,,
272,controller,TBS03303,MLR0331,L,LC,Round,R,,,,,lever,normal,,,,,,,,,,,,,,,,,,,,,,,,,1,,,,,,,,,,,,,
273,controller,TBS03304,MLR0332,L,LC,Round,R,,,,,lever,w/Diverter,,,,,,,,,,,,,,,,,,,,,,,,,1,,,,,,,,,,,,,
274,bath-spout,TBS03001,SLR03,L,LC/LF,Round,R,,,,,,,,,,,,,,,,,,,,,,,,,,,,,,,1,,,,,,,,,,,,,
275,controller,TBS04303,MLR0431,L,LF,Round,R,,,,,lever,normal,,,,,,,,,,,,,,,,,,,,,,,,,1,,,,,,,,,,,,,
276,controller,TBS04304,MLR0432,L,LF,Round,R,,,,,lever,w/Diverter,,,,,,,,,,,,,,,,,,,,,,,,,1,,,,,,,,,,,,,
290,controller,TBV01406,MGR9940,G,,Round,R,,,,,handle,,,,,,,,,,,1,1,,,,,,,,,,,,,,1,,,,,,,,,,,,,
291,controller,TBV02401,MGS9940,G,,Square,S,,,,,handle,,,,,,,,,,,1,1,,,,,,,,,,,,,,1,,,,,,,,,,,,,
292,embedded-valve,TBN01001,VGS23,,,,,,,,,,,,,,,,,,,,1,,,,,,,,,,,,,,,1,,,,,,,,,,,,,
293,hand-shower,TBW01008,HGR11,G,,Round,R,,,,,1mode,,,https://www.toto.com/en/gb_faucet/,,,,,,,,,,,,,1,,,,,,,,,,1,,,,,,,,,,,,,
294,over-head-shower,TBW01003,OGR1W,G,,Round,R,,,,,wall,,,https://www.toto.com/en/gb_faucet/,,,,,1,,,,,,,,,,,,,,,,,,1,,,,,,,,,,,,,
295,slide-bar,TBW01015,ABR9,,,Round,R,,,,,long,,,,,,,,,,,,,,,,,,,,,,,,,,1,,,,,,,,,,,,,
296,controller,TBV01407,MGR9941,G,,Round,R,,,,,handle,,,,,,,,,,,1,1,,,,,,,,,,,,,,1,,,,,,,,,,,,,
297,controller,TBV02403,MGS9941,G,,Square,S,,,,,handle,,,,,,,,,,,1,1,,,,,,,,,,,,,,1,,,,,,,,,,,,,
298,embedded-valve,TBN01002,,,,,,,,,,,,,,,,,,,,,,,,,,,,,,,,,,,,1,,,,,,,,,,,,,
299,hand-shower,TBW02005,HGS11,G,,Square,S,,,,,1mode,,,https://www.toto.com/en/gb_faucet/,,,,,,,,,,,,,1,,,,,,,,,,1,,,,,,,,,,,,,
300,over-head-shower,TBW02003,OGS1W,G,,Square,S,,,,,wall,,,https://www.toto.com/en/gb_faucet/,,,,,1,,,,,,,,,,,,,,,,,,1,,,,,,,,,,,,,
301,slide-bar,TBW01016,ABR6,,,Round,R,,,,,short,,,,,,,,,,,,,,,,,,,,,,,,,,1,,,,,,,,,,,,,
302,controller,TBV01408,MGR9942,G,,Round,R,,,,,handle,,,,,,,,,,,1,1,,,,,,,,,,,,,,1,,,,,,,,,,,,,
303,controller,TBV02404,MGS9942,G,,Square,S,,,,,handle,,,,,,,,,,,1,1,,,,,,,,,,,,,,1,,,,,,,,,,,,,
304,embedded-valve,TBN01104,VGR01,G,,Round,R,,,,,,,,,,,,,,,,,,,,,,,,,,,,,,,1,,,,,,,,,,,,,
305,hand-shower,TBW01010,HGR31,G,,Round,R,,,,,3mode,,,https://www.toto.com/en/gb_faucet/,,,1,,,,,,,,,1,1,,,,,,,,,,1,,,,,,,,,,,,,
306,over-head-shower,TBW01004,OGR2W,G,,Round,R,,,,,wall,,,https://www.toto.com/en/gb_faucet/,,,,,1,,,,,,1,,,,,,,,,,,,1,,,,,,,,,,,,,
308,valve,TBV01101,VGR01,G,,Round,R,,,,,,,,,,,,,,,,,,,,,,,,,,,,,,,1,,,,,,,,,,,,,
309,controller,TBV02402,MGS9943,G,,Square,S,,,,,switch,,,,,,,,,,,1,1,,,,,,,,,,,,,,1,,,,,,,,,,,,,
310,embedded-valve,TBN01101,VGR13,,,Round,R,,,,,,,,,,,,,,,,,,,,,,,,,,,,,,,1,,,,,,,,,,,,,
311,hand-shower,TBW02006,HGS31,G,,Square,S,,,,,3mode,,,https://www.toto.com/en/gb_faucet/,,,1,,,,,,,,,1,1,,,,,,,,,,1,,,,,,,,,,,,,
312,over-head-shower,TBW02004,OGS2W,G,,Square,S,,,,,wall,,,https://www.toto.com/en/gb_faucet/,,,,,1,,,,,,1,,,,,,,,,,,,1,,,,,,,,,,,,,
314,valve,TBV01102,VGR13,G,,Round,R,,,,,,,,,,,,,,,,,,,,,,,,,,,,,,,1,,,,,,,,,,,,,
315,valve,TBV02101,VGS01,G,,Square,S,,,,,,,,,,,,,,,,,,,,,,,,,,,,,,,1,,,,,,,,,,,,,
316,embedded-valve,TBN01102,VGR02,,,Round,R,,,,,,,,,,,,,,,,,,,,,,,,,,,,,,,1,,,,,,,,,,,,,
317,hand-shower,TBW02017,HGY12,G,,Y,S,,,,,1mode,,,https://www.toto.com/en/gb_faucet/,,,,,,,,,,,,,1,,,,,,,,,,1,,,,,,,,,,,,,
319,shower-elbow,TBW01014,AER1,,,Round,R,,,,,,,,,,,,,,,,,,,,,,,,,,,,,,,1,,,,,,,,,,,,,
320,valve,TBV01103,VGR02,G,,Round,R,,,,,,,,,,,,,,,,,,,,,,,,,,,,,,,1,,,,,,,,,,,,,
321,valve,TBV02102,VGS13,G,,Square,S,,,,,,,,,,,,,,,,,,,,,,,,,,,,,,,1,,,,,,,,,,,,,
322,embedded-valve,TBN01103,VGR03,,,,,,,,,,,,,,,,,,,,,,,,,,,,,,,,,,,1,,,,,,,,,,,,,
323,hand-shower,TBW01017,HLR11,L,,Round,R,,,,,1mode,,,https://www.toto.com/en/gb_faucet/,,,,,,,,,,,,,,,,,,,,,,,1,,,,,,,,,,,,,
324,over-head-shower,TBW01003B1,OGR1T,G,,Round,R,,,,,celling,,,https://www.toto.com/en/gb_faucet/,,,,,1,,,,,,,,,,,,,,,,,,1,,,,,,,,,,,,,
325,shower-elbow,TBW02013,AES1,,,Square,S,,,,,,,,,,,,,,,,,,,,,,,,,,,,,,,1,,,,,,,,,,,,,
326,valve,TBV01104,VGR03,G,,Round,R,,,,,,,,,,,,,,,,,,,,,,,,,,,,,,,1,,,,,,,,,,,,,
327,valve,TBV02103,VGS02,G,,Square,S,,,,,,,,,,,,,,,,,,,,,,,,,,,,,,,1,,,,,,,,,,,,,
328,hand-shower,TBW01018,HLR51,L,,Round,R,,,,,3mode,,,https://www.toto.com/en/gb_faucet/,,,,,,,,,,,,,,,,,,,,,,,1,,,,,,,,,,,,,
329,over-head-shower,TBW02003B1,OGS1T,G,,Square,S,,,,,celling,,,https://www.toto.com/en/gb_faucet/,,,,,1,,,,,,,,,,,,,,,,,,1,,,,,,,,,,,,,
330,valve,TBV02104,VGS03,G,,Square,S,,,,,,,,,,,,,,,,,,,,,,,,,,,,,,,1,,,,,,,,,,,,,
331,controller,TBV02406,MGS9942B,G,,Square,S,,,,,switch,,,,,,,,,,,1,1,,,,,,,,,,,,,,1,,,,,,,,,,,,,
332,hand-shower,TBW03002,HLC51,L,,C,R,,,,,3mode,,,https://www.toto.com/en/gb_faucet/,,,,,,,,,,,,,,,,,,,,,,,1,,,,,,,,,,,,,
333,over-head-shower,TBW01012,OLC1W,L,,C,R,,,,,wall,,,https://www.toto.com/en/gb_faucet/,,,,,,,,,,,,,,,,,,,,,,,1,,,,,,,,,,,,,
334,controller,TBV02405,MGS9941B,G,,Square,S,,,,,switch,,,,,,,,,,,1,1,,,,,,,,,,,,,,1,,,,,,,,,,,,,
335,valve,TBV02105,VGS23,G,,Square,S,,,,,,,,,,,,,,,,1,,,,,,,,,,,,,,,1,,,,,,,,,,,,,
336,over-head-shower,TBW01013,OLR5W,L,,Round,R,,,,,wall,,,https://www.toto.com/en/gb_faucet/,,,,,,,,,,,,,,,,,,,,,,,1,,,,,,,,,,,,,
337,over-head-shower,TBW03001,OLC5W,L,,C,R,,,,,wall,,,https://www.toto.com/en/gb_faucet/,,,,,,,,,,,,,,,,,,,,,,,1,,,,,,,,,,,,,
338,over-head-shower,TBW08004,OZS3W,Z,,Square,S,,,,,wall,,,,if2022,,,,1,,,,,,1,,,,,,,,,,,,1,,,,,,,,,,,,,
339,over-head-shower,TBW07004,OZR3W,Z,,Round,R,,,,,wall,,,,if2022,,,,1,,,,,,1,,,,,,,,,,,,1,,,,,,,,,,,,,
340,over-head-shower,TBW08003,OGS1W,G,,Square,S,,,,,wall,,,,,,,,1,,,,,,,,,,,,,,,,,,1,,,,,,,,,,,,,
341,over-head-shower,TBW08002,OGS1W,G,,Square,S,,,,,wall,,,,,,,,1,,,,,,,,,,,,,,,,,,1,,,,,,,,,,,,,
342,over-head-shower,TBW08001,OGS1W,G,,Square,S,,,,,wall,,,,,,,,1,,,,,,,,,,,,,,,,,,1,,,,,,,,,,,,,
343,over-head-shower,TBW08003C1,OGS1T,G,,Square,S,,,,,celling,,,,,,,,1,,,,,,,,,,,,,,,,,,1,,,,,,,,,,,,,
344,over-head-shower,TBW08002C1,OGS1T,G,,Square,S,,,,,celling,,,,,,,,1,,,,,,,,,,,,,,,,,,1,,,,,,,,,,,,,
345,over-head-shower,TBW08001C1,OGS1T,G,,Square,S,,,,,celling,,,,,,,,1,,,,,,,,,,,,,,,,,,1,,,,,,,,,,,,,
346,over-head-shower,TBW07003,OGR1W,G,,Round,R,,,,,wall,,,,,,,,1,,,,,,,,,,,,,,,,,,1,,,,,,,,,,,,,
347,over-head-shower,TBW07002,OGR1W,G,,Round,R,,,,,wall,,,,,,,,1,,,,,,,,,,,,,,,,,,1,,,,,,,,,,,,,
348,over-head-shower,TBW07001,OGR1W,G,,Round,R,,,,,wall,,,,,,,,1,,,,,,,,,,,,,,,,,,1,,,,,,,,,,,,,
349,over-head-shower,TBW07003C1,OGR1T,G,,Round,R,,,,,celling,,,,,,,,1,,,,,,,,,,,,,,,,,,1,,,,,,,,,,,,,
350,over-head-shower,TBW07002C1,OGR1T,G,,Round,R,,,,,celling,,,,,,,,1,,,,,,,,,,,,,,,,,,1,,,,,,,,,,,,,
351,over-head-shower,TBW07001C1,OGR1T,G,,Round,R,,,,,celling,,,,,,,,1,,,,,,,,,,,,,,,,,,1,,,,,,,,,,,,,
352,hand-shower,TBW07008,HLR11,L,,Round,R,,,,,1mode,,,,,,,,,,,,,,,,1,,,,,,,,,,1,,,,,,,,,,,,,
353,hand-shower,TBW07009,HLR31,L,,Round,R,,,,,3mode,,,,,,,,,,,,,,,,1,1,,,,,,,,,1,,,,,,,,,,,,,
354,hand-shower,TBW07011,HLR11,L,,Round,R,,,,,1mode,,,,,,,,,,,,,,,,1,,,,,,,,,,1,,,,,,,,,,,,,
355,hand-shower,TBW07012,HLR21,L,,Round,R,,,,,2mode,,,,,,,,,,,,,,,,1,1,,,,,,,,,1,,,,,,,,,,,,,
356,slide-bar,TBW07018,ABS9,,,,,,,,,long,,,,,,,,,,,,,,,,,,,,,,,,,,1,,,,,,,,,,,,,
357,slide-bar,TBW07019,ABS6,,,,,,,,,short,lower,,,,,,,,,,,,,,,,,,,,,,,,,1,,,,,,,,,,,,,
358,shower-elbow,TBW08009,AES2,,,Square,S,,,,,,,,,,,,,,,,,,,,,,,,,,,,,,,1,,,,,,,,,,,,,
359,shower-elbow,TBW07020,AER2,,,Round,R,,,,,,,,,,,,,,,,,,,,,,,,,,,,,,,1,,,,,,,,,,,,,
360,shower-elbow-hook,TBW08010,AES3,,,Square,S,,,,,,,,,,,,,,,,,,,,,,,,,,,,,,,1,,,,,,,,,,,,,
361,shower-elbow-hook,TBW07021,AER3,,,Round,R,,,,,,,,,,,,,,,,,,,,,,,,,,,,,,,1,,,,,,,,,,,,,
356,shower-hook,TBW02014U,AHS,,,Square,S,,,,,,,,,,,,,,,,,,,,,,,,,,,,,,,1,,,,,,,,,,,,,
357,shower-hook,TBW01025U,AHR,,,Round,R,,,,,,,,,,,,,,,,,,,,,,,,,,,,,,,1,,,,,,,,,,,,,